"Show","Sold","Ranking","Size","Title","Description","Specs","Original Price","Price","Year","Main Picture","Media Gallery","Bikes (Item)","Background","Foreground","ID","Created Date","Updated Date","Owner"
true,true,32,,"Specialized Stumpjumper Expert","Sold",,,,,"wix:image://v1/8a12d8_29ab3d29fc1b48e786991eb7383d336e~mv2.jpg/PXL_20220716_024842527~2.jpg#originWidth=2208&originHeight=1478",,"/bikes/specialized-stumpjumper-expert",,,"06515b47-c704-4457-b7ac-566b0601240f",2025-12-17T17:52:46Z,2025-12-23T16:15:12Z,"8a12d8dd-2c4e-49da-b2ed-8ca36bafcd02"
true,,20,,"Fuji Altamira LTD Team Edition","If you’re looking for a bike with some serious ""pro peloton"" soul without the boring, cookie-cutter look, this Fuji Altamira LTD is it. This isn't the watered-down replica; it’s the elite Team Edition, the same frame that actually won the Vuelta a España. The standout feature is the Integrated Seat Post (ISP), which looks incredibly slick and makes the bike feel like a total rocket ship.

Tipping the scales at under 15 lbs (~14.5 lbs!), this thing is stupidly light, making climbs feel like less of a chore and handling corners like it’s on rails. This is for the rider who wants a fast, head-turning machine that feels ""pro"" but doesn't take itself too seriously. It’s a piece of racing history that’s still more than ready to hunt for PRs on your local weekend group ride.","<ul class=""font_8"">
  <li><p class=""font_8""><strong>Size:</strong> Small (I'm 5' 8"")</p></li>
  <li><p class=""font_8""><strong>Frame:</strong> Fuji Altamira Carbon, Team Edition, 2022</p></li>
  <li><p class=""font_8""><strong>Fork:</strong> Fuji Carbon Road Fork</p></li>
  <li><p class=""font_8""><strong>Groupset:</strong> SRAM Force</p></li>
  <li><p class=""font_8""><strong>Shifters:</strong> SRAM Force</p></li>
  <li><p class=""font_8""><strong>Front Derailleur:</strong> SRAM Force</p></li>
  <li><p class=""font_8""><strong>Rear Derailleur:</strong> SRAM Force</p></li>
  <li><p class=""font_8""><strong>Crankset:</strong> SRAM Force</p></li>
  <li><p class=""font_8""><strong>Cassette:</strong> SRAM Force</p></li>
  <li><p class=""font_8""><strong>Brakes:</strong> SRAM Force Hydraulic Disc Brakes</p></li>
  <li><p class=""font_8""><strong>Wheelset:</strong> Reynolds Solitude</p></li>
  <li><p class=""font_8""><strong>Tires:</strong> Road tires, set up and ready to ride</p></li>
  <li><p class=""font_8""><strong>Handlebars:</strong> Carbon Bars</p></li>
  <li><p class=""font_8""><strong>Stem:</strong> Alloy Stem</p></li>
  <li><p class=""font_8""><strong>Seatpost:</strong> Carbon Seatpost</p></li>
  <li><p class=""font_8""><strong>Saddle:</strong> Performance Road Saddle</p></li>
  <li><p class=""font_8""><strong>Cable Routing:</strong> Internal</p></li>
  <li><p class=""font_8""><strong>Condition:</strong> Excellent</p></li>
  <li><p class=""font_8""><strong>Finish:</strong> Team Edition Colorway</p></li>
</ul>","$4,800","$1,250","2012","wix:image://v1/8a12d8_eebf98bc602045d2b356aa9569234da0~mv2.jpg/PXL_20251217_153621871.MP.jpg#originWidth=4080&originHeight=3072","[{""description"":"""",""fileName"":""PXL_20251217_153621871.MP.jpg"",""slug"":""8a12d8_eebf98bc602045d2b356aa9569234da0~mv2.jpg"",""alt"":"""",""src"":""wix:image://v1/8a12d8_eebf98bc602045d2b356aa9569234da0~mv2.jpg/PXL_20251217_153621871.MP.jpg#originWidth=4080&originHeight=3072"",""title"":""PXL_20251217_153621871.MP.jpg"",""type"":""image"",""settings"":{""width"":4080,""height"":3072,""focalPoint"":[0.5,0.5]}},{""description"":"""",""fileName"":""PXL_20251217_153712734.MP.jpg"",""slug"":""8a12d8_1e12d140532f441c86518451986805f6~mv2.jpg"",""alt"":"""",""src"":""wix:image://v1/8a12d8_1e12d140532f441c86518451986805f6~mv2.jpg/PXL_20251217_153712734.MP.jpg#originWidth=4080&originHeight=3072"",""title"":""PXL_20251217_153712734.MP.jpg"",""type"":""image"",""settings"":{""width"":4080,""height"":3072,""focalPoint"":[0.5,0.5]}},{""description"":"""",""fileName"":""PXL_20251217_153734352.MP.jpg"",""slug"":""8a12d8_fd25ebe291244521ba04331f6e51702d~mv2.jpg"",""alt"":"""",""src"":""wix:image://v1/8a12d8_fd25ebe291244521ba04331f6e51702d~mv2.jpg/PXL_20251217_153734352.MP.jpg#originWidth=4080&originHeight=3072"",""title"":""PXL_20251217_153734352.MP.jpg"",""type"":""image"",""settings"":{""width"":4080,""height"":3072,""focalPoint"":[0.5,0.5]}},{""description"":"""",""fileName"":""PXL_20251217_153819484.MP.jpg"",""slug"":""8a12d8_960cf79a88d54e4f8a40138935f93928~mv2.jpg"",""alt"":"""",""src"":""wix:image://v1/8a12d8_960cf79a88d54e4f8a40138935f93928~mv2.jpg/PXL_20251217_153819484.MP.jpg#originWidth=4080&originHeight=3072"",""title"":""PXL_20251217_153819484.MP.jpg"",""type"":""image"",""settings"":{""width"":4080,""height"":3072,""focalPoint"":[0.5,0.5]}},{""description"":"""",""fileName"":""PXL_20251217_153650146.MP.jpg"",""slug"":""8a12d8_92d87f2485314c29aff0e60e1555019a~mv2.jpg"",""alt"":"""",""src"":""wix:image://v1/8a12d8_92d87f2485314c29aff0e60e1555019a~mv2.jpg/PXL_20251217_153650146.MP.jpg#originWidth=4080&originHeight=3072"",""title"":""PXL_20251217_153650146.MP.jpg"",""type"":""image"",""settings"":{""width"":4080,""height"":3072,""focalPoint"":[0.5,0.5]}},{""description"":"""",""fileName"":""PXL_20251217_153808257.MP.jpg"",""slug"":""8a12d8_589c890e818947eb9e9d0880e67095b5~mv2.jpg"",""alt"":"""",""src"":""wix:image://v1/8a12d8_589c890e818947eb9e9d0880e67095b5~mv2.jpg/PXL_20251217_153808257.MP.jpg#originWidth=4080&originHeight=3072"",""title"":""PXL_20251217_153808257.MP.jpg"",""type"":""image"",""settings"":{""width"":4080,""height"":3072,""focalPoint"":[0.5,0.5]}},{""description"":"""",""fileName"":""PXL_20251217_153801748.MP.jpg"",""slug"":""8a12d8_463d62a1ddec49f99afa33013b5a67ef~mv2.jpg"",""alt"":"""",""src"":""wix:image://v1/8a12d8_463d62a1ddec49f99afa33013b5a67ef~mv2.jpg/PXL_20251217_153801748.MP.jpg#originWidth=4080&originHeight=3072"",""title"":""PXL_20251217_153801748.MP.jpg"",""type"":""image"",""settings"":{""width"":4080,""height"":3072,""focalPoint"":[0.5,0.5]}},{""description"":"""",""fileName"":""PXL_20251217_153753388.MP.jpg"",""slug"":""8a12d8_f4e9b11c1e4a4d1eae1d2d257bc168bb~mv2.jpg"",""alt"":"""",""src"":""wix:image://v1/8a12d8_f4e9b11c1e4a4d1eae1d2d257bc168bb~mv2.jpg/PXL_20251217_153753388.MP.jpg#originWidth=4080&originHeight=3072"",""title"":""PXL_20251217_153753388.MP.jpg"",""type"":""image"",""settings"":{""width"":4080,""height"":3072,""focalPoint"":[0.5,0.5]}},{""description"":"""",""fileName"":""PXL_20251217_153747820.MP.jpg"",""slug"":""8a12d8_2361d29409454f5fb54b648177f16270~mv2.jpg"",""alt"":"""",""src"":""wix:image://v1/8a12d8_2361d29409454f5fb54b648177f16270~mv2.jpg/PXL_20251217_153747820.MP.jpg#originWidth=4080&originHeight=3072"",""title"":""PXL_20251217_153747820.MP.jpg"",""type"":""image"",""settings"":{""width"":4080,""height"":3072,""focalPoint"":[0.5,0.5]}},{""description"":"""",""fileName"":""PXL_20251217_153726289.MP.jpg"",""slug"":""8a12d8_1d69d812462046ca9bda9ab5c07051a2~mv2.jpg"",""alt"":"""",""src"":""wix:image://v1/8a12d8_1d69d812462046ca9bda9ab5c07051a2~mv2.jpg/PXL_20251217_153726289.MP.jpg#originWidth=4080&originHeight=3072"",""title"":""PXL_20251217_153726289.MP.jpg"",""type"":""image"",""settings"":{""width"":4080,""height"":3072,""focalPoint"":[0.5,0.5]}},{""description"":"""",""fileName"":""PXL_20251217_153741307.MP.jpg"",""slug"":""8a12d8_c5472a9bcbbd4fe9bc1e11b20ba45de3~mv2.jpg"",""alt"":"""",""src"":""wix:image://v1/8a12d8_c5472a9bcbbd4fe9bc1e11b20ba45de3~mv2.jpg/PXL_20251217_153741307.MP.jpg#originWidth=4080&originHeight=3072"",""title"":""PXL_20251217_153741307.MP.jpg"",""type"":""image"",""settings"":{""width"":4080,""height"":3072,""focalPoint"":[0.5,0.5]}},{""description"":"""",""fileName"":""PXL_20251217_153640475.MP.jpg"",""slug"":""8a12d8_223cdfdce8414f1d8685c8f95af41023~mv2.jpg"",""alt"":"""",""src"":""wix:image://v1/8a12d8_223cdfdce8414f1d8685c8f95af41023~mv2.jpg/PXL_20251217_153640475.MP.jpg#originWidth=4080&originHeight=3072"",""title"":""PXL_20251217_153640475.MP.jpg"",""type"":""image"",""settings"":{""width"":4080,""height"":3072,""focalPoint"":[0.5,0.5]}},{""description"":"""",""fileName"":""PXL_20251217_153658098.MP.jpg"",""slug"":""8a12d8_99c0c1f6ecc14866b15ee96d6207c8e7~mv2.jpg"",""alt"":"""",""src"":""wix:image://v1/8a12d8_99c0c1f6ecc14866b15ee96d6207c8e7~mv2.jpg/PXL_20251217_153658098.MP.jpg#originWidth=4080&originHeight=3072"",""title"":""PXL_20251217_153658098.MP.jpg"",""type"":""image"",""settings"":{""width"":4080,""height"":3072,""focalPoint"":[0.5,0.5]}}]","/bikes/fuji-altamira-ltd-team-edition","#000000","#BFF96D","1d714a98-1ebe-4bed-8c55-17da6ef3a9c3",2025-12-17T05:54:41Z,2025-12-17T23:17:04Z,"8a12d8dd-2c4e-49da-b2ed-8ca36bafcd02"
true,true,22,,"Ibis Ripmo","Sold",,,,,"wix:image://v1/8a12d8_1fc312a8a5c943f894b2c3cf5b75bd82~mv2.jpg/PXL_20220714_190407973~2.jpg#originWidth=1963&originHeight=1478",,"/bikes/ibis-ripmo",,,"3132f6a0-bb96-4909-96fe-a1a6439ca125",2025-12-17T17:52:42Z,2025-12-23T16:15:12Z,"8a12d8dd-2c4e-49da-b2ed-8ca36bafcd02"
true,true,44,,"Specialized Levo Comp Alloy","Sold",,,,,"wix:image://v1/8a12d8_41cc6d9f59264b258f04fa2364a9e9b0~mv2.jpg/IMG_20210905_093604.jpg#originWidth=2290&originHeight=1478",,"/bikes/specialized-levo-comp-alloy",,,"455c9099-588f-4b30-be2a-b0754d65fcce",2025-12-17T17:52:49Z,2025-12-23T16:15:12Z,"8a12d8dd-2c4e-49da-b2ed-8ca36bafcd02"
true,true,42,,"Scott 16""","Sold",,,,,"wix:image://v1/8a12d8_02e1f86bb8664aa08839037d985a9fcf~mv2.jpg/PXL_20240829_011916685.MP.jpg#originWidth=1963&originHeight=1478",,"/bikes/scott-16%22",,,"4c6a337e-3956-4291-a2fa-fc51f81458cd",2025-12-17T17:52:49Z,2025-12-23T16:15:12Z,"8a12d8dd-2c4e-49da-b2ed-8ca36bafcd02"
true,true,50,,"Specialized Levo Expert","Sold",,,,,"wix:image://v1/8a12d8_4804aaf720f64d9a970fc88660ffab98~mv2.jpg/IMG_20210423_153841.jpg#originWidth=1971&originHeight=1478",,"/bikes/specialized-levo-expert",,,"50aede3a-324f-4c46-893e-78b6f1ff4414",2025-12-17T17:54:21Z,2025-12-23T16:15:16Z,"8a12d8dd-2c4e-49da-b2ed-8ca36bafcd02"
true,true,52,,"Specialized Kenevo Expert","Sold",,,,,"wix:image://v1/8a12d8_43ca14bbb52c425fb9ef43dcec4006ae~mv2.jpg/PXL_20220330_010139755~2.jpg#originWidth=2170&originHeight=1478",,"/bikes/specialized-kenevo-expert",,,"5ad452c2-f189-4151-81dd-52106e56d1cb",2025-12-17T17:54:22Z,2025-12-23T16:15:15Z,"8a12d8dd-2c4e-49da-b2ed-8ca36bafcd02"
true,true,30,,"Specialized Levo Comp Carbon","Sold",,,,,"wix:image://v1/8a12d8_b9d2d6d79bff406aadf659a483a87ea1~mv2.jpg/PXL_20220814_010937811~2.jpg#originWidth=2363&originHeight=1478",,"/bikes/specialized-levo-comp-carbon",,,"630fb44f-cb55-4ae6-b74a-b2c247aa4f73",2025-12-17T17:52:45Z,2025-12-23T16:15:12Z,"8a12d8dd-2c4e-49da-b2ed-8ca36bafcd02"
true,true,28,,"Specialized Rockhopper Expert","Sold",,,,,"wix:image://v1/8a12d8_2d958837dc67485597ec13bfc376937c~mv2.jpg/PXL_20220812_174949801~2.jpg#originWidth=2560&originHeight=1471",,"/bikes/specialized-rockhopper-expert",,,"66227f06-b622-45b1-80fa-fde983e7a192",2025-12-17T17:52:45Z,2025-12-23T16:15:12Z,"8a12d8dd-2c4e-49da-b2ed-8ca36bafcd02"
true,true,24,,"Specialized Levo Comp Carbon","Sold",,,,,"wix:image://v1/8a12d8_1b40c29de9704486bddcb2785dfa93d1~mv2.jpg/PXL_20220715_204308634~2.jpg#originWidth=2241&originHeight=1478",,"/bikes/specialized-levo-comp-carbon",,,"7a6b0c55-a10e-456e-8ef5-f667b1e7a860",2025-12-17T17:52:43Z,2025-12-23T16:15:12Z,"8a12d8dd-2c4e-49da-b2ed-8ca36bafcd02"
true,true,38,,"Specialized Levo Comp Carbon","Sold",,,,,"wix:image://v1/8a12d8_d898b85398a847308f192e7e9d4b290e~mv2.jpg/PXL_20221221_185657592~2.jpg#originWidth=2142&originHeight=1478",,"/bikes/specialized-levo-comp-carbon",,,"9128bae5-33f1-4d83-8630-65b0b73c7d13",2025-12-17T17:52:47Z,2025-12-23T16:15:12Z,"8a12d8dd-2c4e-49da-b2ed-8ca36bafcd02"
true,true,21,,"Salsa Mukluk","Sold",,,,,"wix:image://v1/8a12d8_1d5587df9e1e49339a66eaaece67863e~mv2.jpg/PXL_20221212_224117604~2.jpg#originWidth=1939&originHeight=1478",,"/bikes/salma-mukluk",,,"924960a1-f74e-4828-be74-3d95fa322881",2025-12-17T17:50:40Z,2026-02-23T21:12:39Z,"8a12d8dd-2c4e-49da-b2ed-8ca36bafcd02"
true,true,23,,"Specialized Levo SL Comp Carbon","Sold",,,,,"wix:image://v1/8a12d8_e2ca764aa21e40bda737b3cc0037208a~mv2.jpg/PXL_20220712_202925577~2.jpg#originWidth=2524&originHeight=1478",,"/bikes/specialized-levo-sl-comp-carbon",,,"9815e819-6263-4993-94bb-3db7bd832903",2025-12-17T17:52:43Z,2025-12-23T16:15:12Z,"8a12d8dd-2c4e-49da-b2ed-8ca36bafcd02"
true,true,10,,"Specialized Turbo Levo Comp Carbon","This Specialized Levo Comp Carbon has seen very little use, with under 150 miles on it, and it shows. The bike is in excellent condition and looks nearly new, with only a few minor scuffs on the rear triangle from normal riding. It has been recently serviced and is fully dialed, ready to be ridden hard from day one. The carbon frame paired with the SRAM GX drivetrain delivers a solid, reliable e-MTB setup that climbs effortlessly and descends with confidence. This is a great opportunity to pick up a barely used Levo that is ready to go without the new-bike price.","<ul class=""font_8"">
  <li><p class=""font_8""><strong>Size:</strong> Large (S4)</p></li>
  <li><p class=""font_8""><strong>Frame:</strong> Specialized Levo Carbon Frame, 2020</p></li>
  <li><p class=""font_8""><strong>Motor:</strong> Specialized 2.1 Motor</p></li>
  <li><p class=""font_8""><strong>Battery:</strong> Specialized Integrated Battery</p></li>
  <li><p class=""font_8""><strong>Drive Unit:</strong> Specialized Turbo System</p></li>
  <li><p class=""font_8""><strong>Suspension Platform:</strong> FSR</p></li>
  <li><p class=""font_8""><strong>Fork:</strong> RockShox Front Suspension Fork, 150mm</p></li>
  <li><p class=""font_8""><strong>Rear Shock:</strong> RockShox Rear Shock, 140mm</p></li>
  <li><p class=""font_8""><strong>Drivetrain:</strong> SRAM GX</p></li>
  <li><p class=""font_8""><strong>Shifters:</strong> SRAM GX</p></li>
  <li><p class=""font_8""><strong>Rear Derailleur:</strong> SRAM GX</p></li>
  <li><p class=""font_8""><strong>Cassette:</strong> SRAM GX</p></li>
  <li><p class=""font_8""><strong>Brakes:</strong> SRAM Hydraulic Disc Brakes</p></li>
  <li><p class=""font_8""><strong>Wheel Size:</strong> 29""</p></li>
  <li><p class=""font_8""><strong>Tires:</strong> Trail Tires, ready to ride</p></li>
  <li><p class=""font_8""><strong>Seatpost:</strong> Dropper Post</p></li>
  <li><p class=""font_8""><strong>Handlebars:</strong> Alloy Bars</p></li>
  <li><p class=""font_8""><strong>Stem:</strong> Alloy Stem</p></li>
  <li><p class=""font_8""><strong>Cable Routing:</strong> Internal</p></li>
  <li><p class=""font_8""><strong>Condition:</strong> Excellent</p></li>
  <li><p class=""font_8""><strong>Notes:</strong> Recently serviced and ready to ride</p></li>
</ul>","$7,000","$3,850","2020","wix:image://v1/8a12d8_8321cedc3058495c8005c16a7b92a169~mv2.jpg/PXL_20251217_164907287.MP.jpg#originWidth=4080&originHeight=3072","[{""description"":"""",""fileName"":""PXL_20251217_164907287.MP.jpg"",""slug"":""8a12d8_8321cedc3058495c8005c16a7b92a169~mv2.jpg"",""alt"":"""",""src"":""wix:image://v1/8a12d8_8321cedc3058495c8005c16a7b92a169~mv2.jpg/PXL_20251217_164907287.MP.jpg#originWidth=4080&originHeight=3072"",""title"":""PXL_20251217_164907287.MP.jpg"",""type"":""image"",""settings"":{""width"":4080,""height"":3072,""focalPoint"":[0.5,0.5]}},{""description"":"""",""fileName"":""PXL_20251217_164916835.MP.jpg"",""slug"":""8a12d8_4e8512bbe8f24b488fc27703a7e0e19a~mv2.jpg"",""alt"":"""",""src"":""wix:image://v1/8a12d8_4e8512bbe8f24b488fc27703a7e0e19a~mv2.jpg/PXL_20251217_164916835.MP.jpg#originWidth=4080&originHeight=3072"",""title"":""PXL_20251217_164916835.MP.jpg"",""type"":""image"",""settings"":{""width"":4080,""height"":3072,""focalPoint"":[0.5,0.5]}},{""description"":"""",""fileName"":""PXL_20251217_164957288.MP.jpg"",""slug"":""8a12d8_16e21d35e6404efc886ae18e535d30a8~mv2.jpg"",""alt"":"""",""src"":""wix:image://v1/8a12d8_16e21d35e6404efc886ae18e535d30a8~mv2.jpg/PXL_20251217_164957288.MP.jpg#originWidth=4080&originHeight=3072"",""title"":""PXL_20251217_164957288.MP.jpg"",""type"":""image"",""settings"":{""width"":4080,""height"":3072,""focalPoint"":[0.5,0.5]}},{""description"":"""",""fileName"":""PXL_20251217_164935323.MP.jpg"",""slug"":""8a12d8_1e65d54d29654340909c382ea29f2492~mv2.jpg"",""alt"":"""",""src"":""wix:image://v1/8a12d8_1e65d54d29654340909c382ea29f2492~mv2.jpg/PXL_20251217_164935323.MP.jpg#originWidth=4080&originHeight=3072"",""title"":""PXL_20251217_164935323.MP.jpg"",""type"":""image"",""settings"":{""width"":4080,""height"":3072,""focalPoint"":[0.5,0.5]}},{""description"":"""",""fileName"":""PXL_20251217_164930715.MP.jpg"",""slug"":""8a12d8_82c31bb51ca04a9f840041f2f0ba89ac~mv2.jpg"",""alt"":"""",""src"":""wix:image://v1/8a12d8_82c31bb51ca04a9f840041f2f0ba89ac~mv2.jpg/PXL_20251217_164930715.MP.jpg#originWidth=4080&originHeight=3072"",""title"":""PXL_20251217_164930715.MP.jpg"",""type"":""image"",""settings"":{""width"":4080,""height"":3072,""focalPoint"":[0.5,0.5]}},{""description"":"""",""fileName"":""PXL_20251217_165003117.MP.jpg"",""slug"":""8a12d8_c6f15d145b49455987e85fb53fe80177~mv2.jpg"",""alt"":"""",""src"":""wix:image://v1/8a12d8_c6f15d145b49455987e85fb53fe80177~mv2.jpg/PXL_20251217_165003117.MP.jpg#originWidth=4080&originHeight=3072"",""title"":""PXL_20251217_165003117.MP.jpg"",""type"":""image"",""settings"":{""width"":4080,""height"":3072,""focalPoint"":[0.5,0.5]}},{""description"":"""",""fileName"":""PXL_20251217_164952045.MP.jpg"",""slug"":""8a12d8_7f43b7bdb16043799c684c5b3576a7c2~mv2.jpg"",""alt"":"""",""src"":""wix:image://v1/8a12d8_7f43b7bdb16043799c684c5b3576a7c2~mv2.jpg/PXL_20251217_164952045.MP.jpg#originWidth=4080&originHeight=3072"",""title"":""PXL_20251217_164952045.MP.jpg"",""type"":""image"",""settings"":{""width"":4080,""height"":3072,""focalPoint"":[0.5,0.5]}},{""description"":"""",""fileName"":""PXL_20251217_164940915.MP.jpg"",""slug"":""8a12d8_97d6a93d6d6b450cbfcc1d987ff58ef9~mv2.jpg"",""alt"":"""",""src"":""wix:image://v1/8a12d8_97d6a93d6d6b450cbfcc1d987ff58ef9~mv2.jpg/PXL_20251217_164940915.MP.jpg#originWidth=4080&originHeight=3072"",""title"":""PXL_20251217_164940915.MP.jpg"",""type"":""image"",""settings"":{""width"":4080,""height"":3072,""focalPoint"":[0.5,0.5]}},{""description"":"""",""fileName"":""PXL_20251217_164925743.MP.jpg"",""slug"":""8a12d8_f112612d240e412f8b418b7a0852cafe~mv2.jpg"",""alt"":"""",""src"":""wix:image://v1/8a12d8_f112612d240e412f8b418b7a0852cafe~mv2.jpg/PXL_20251217_164925743.MP.jpg#originWidth=4080&originHeight=3072"",""title"":""PXL_20251217_164925743.MP.jpg"",""type"":""image"",""settings"":{""width"":4080,""height"":3072,""focalPoint"":[0.5,0.5]}},{""description"":"""",""fileName"":""PXL_20251217_165009553.MP.jpg"",""slug"":""8a12d8_be1ebaa93d034030bf89c1b0e6492e2e~mv2.jpg"",""alt"":"""",""src"":""wix:image://v1/8a12d8_be1ebaa93d034030bf89c1b0e6492e2e~mv2.jpg/PXL_20251217_165009553.MP.jpg#originWidth=4080&originHeight=3072"",""title"":""PXL_20251217_165009553.MP.jpg"",""type"":""image"",""settings"":{""width"":4080,""height"":3072,""focalPoint"":[0.5,0.5]}}]","/bikes/specialized-turbo-levo-comp-carbon","#FF0000","#000000","98e9e15a-948d-4bec-bc9d-9f2e011a707f",2025-12-17T05:54:44Z,2025-12-23T16:18:40Z,"8a12d8dd-2c4e-49da-b2ed-8ca36bafcd02"
true,true,40,,"Specialized Levo SL Comp Carbon","Sold",,,,,"wix:image://v1/8a12d8_9ccd49d5c59c4bbba4d66f74d8ce28af~mv2.jpg/PXL_20220709_195355419~3.jpg#originWidth=2293&originHeight=1478",,"/bikes/specialized-levo-sl-comp-carbon",,,"9bd59740-5dca-432e-9664-156f1fc313f3",2025-12-17T17:52:48Z,2025-12-23T16:15:12Z,"8a12d8dd-2c4e-49da-b2ed-8ca36bafcd02"
true,true,46,,"Richie Break-away","Sold",,,,,"wix:image://v1/8a12d8_9a4b865b3ad34d0f9900d74cc31f0bf2~mv2.jpg/Screenshot_20210612-084959.jpg#originWidth=1080&originHeight=793",,"/bikes/richie-break-away",,,"a2749195-91c7-4a9a-be9f-4e557016bbfc",2025-12-17T17:52:50Z,2025-12-23T16:15:00Z,"8a12d8dd-2c4e-49da-b2ed-8ca36bafcd02"
true,true,15,,"Luna Z1 Ludicrous","This Luna Z1 with the Ludicrous upgrade is an absolute beast and unlike anything you will find in this price range. With the Bafang Ultra M620 drive tuned by Luna and pushing up to 2,000 watts and 160 Nm of torque, this bike delivers power on a completely different level than typical OEM e-MTBs. Despite the performance, it remains surprisingly light for its class at roughly 62 pounds and feels composed, quiet, and solid on the trail. I used this bike mostly as a commuter, and it has been well maintained, fully serviced, and is ready to be ridden hard. The full carbon frame, top-tier RockShox suspension, SRAM hydraulic brakes, and Maxxis tires make this a legitimate enduro e-MTB that climbs effortlessly and descends with confidence. With a 48V 17.5Ah battery delivering up to 850Wh, real-world range sits around 30 to 40 miles with moderate pedaling, and the fast-removable battery makes charging easy. Simply put, you will not find specs or performance like this on any bike under $3k, pedal or electric.","<ul class=""font_8"">
  <li><p class=""font_8""><strong>Size:</strong> Small/Medium (I'm 5' 8"")</p></li>
  <li><p class=""font_8""><strong>Frame:</strong> Full Carbon Fiber Frame</p></li>
  <li><p class=""font_8""><strong>Motor:</strong> Bafang Ultra Drive M620 with Luna Steel Helical Gears</p></li>
  <li><p class=""font_8""><strong>Power Output:</strong> Ludicrous Upgrade, up to 2,000W</p></li>
  <li><p class=""font_8""><strong>Torque:</strong> 160 Nm</p></li>
  <li><p class=""font_8""><strong>Sensor System:</strong> Torque Sensor, Luna-tuned, with Throttle</p></li>
  <li><p class=""font_8""><strong>Battery:</strong> 48V 17.5Ah, LG Cells, 850Wh, removable</p></li>
  <li><p class=""font_8""><strong>Range:</strong> Approximately 30–40 miles with moderate pedaling</p></li>
  <li><p class=""font_8""><strong>Display:</strong> DPC-18 Color Display with USB Port</p></li>
  <li><p class=""font_8""><strong>Front Suspension:</strong> RockShox Yari DebonAir, 160mm travel</p></li>
  <li><p class=""font_8""><strong>Rear Suspension:</strong> RockShox Deluxe Select, 230mm x 60mm</p></li>
  <li><p class=""font_8""><strong>Drivetrain:</strong> SRAM SX Eagle, 12-speed</p></li>
  <li><p class=""font_8""><strong>Cassette:</strong> SRAM SX Eagle, HG Driver</p></li>
  <li><p class=""font_8""><strong>Chainring:</strong> 40T Wide-Narrow HD, 12-speed, 5x130 BCD</p></li>
  <li><p class=""font_8""><strong>Brakes:</strong> SRAM Guide Hydraulic Disc Brakes, 4-piston</p></li>
  <li><p class=""font_8""><strong>Rotors:</strong> 200mm front, 180mm rear, 6-bolt</p></li>
  <li><p class=""font_8""><strong>Wheelset:</strong> Double-Wall Alloy 27.5"" Rims, 40mm internal width</p></li>
  <li><p class=""font_8""><strong>Tires:</strong> Maxxis Minion DHR II 27.5"" x 2.8""<br>
<em>Optional:</em> Mullet setup with Maxxis Rekon 2.6""</p></li>
  <li><p class=""font_8""><strong>Headset:</strong> 44/56 Non-Integrated</p></li>
  <li><p class=""font_8""><strong>Seatpost:</strong> KS Dropper Post with Internal Routing</p></li>
  <li><p class=""font_8""><strong>Handlebars:</strong> Luna Handlebars, 810mm width</p></li>
  <li><p class=""font_8""><strong>Stem:</strong> Luna Stem, 50mm, 31.8 clamp</p></li>
  <li><p class=""font_8""><strong>Cranks:</strong> Alloy, 170mm</p></li>
  <li><p class=""font_8""><strong>Pedals:</strong> Luna Lightweight Alloy Flat Pedals</p></li>
  <li><p class=""font_8""><strong>Saddle:</strong> WTB Volt, 135mm</p></li>
  <li><p class=""font_8""><strong>Axles:</strong> Boost 15x110 front, 12x148 rear</p></li>
  <li><p class=""font_8""><strong>Cable Routing:</strong> Fully Internal</p></li>
  <li><p class=""font_8""><strong>Weight:</strong> Approximately 62 lbs (size Medium)</p></li>
  <li><p class=""font_8""><strong>Finish:</strong> Galaxy Black</p></li>
</ul>","$4,800","$2,950","2023","wix:image://v1/8a12d8_91ac5bfdd41b41d9ab187dd468a8e317~mv2.jpg/PXL_20251217_155714672.MP.jpg#originWidth=4080&originHeight=3072","[{""description"":"""",""fileName"":""PXL_20251217_155714672.MP.jpg"",""slug"":""8a12d8_91ac5bfdd41b41d9ab187dd468a8e317~mv2.jpg"",""alt"":"""",""src"":""wix:image://v1/8a12d8_91ac5bfdd41b41d9ab187dd468a8e317~mv2.jpg/PXL_20251217_155714672.MP.jpg#originWidth=4080&originHeight=3072"",""title"":""PXL_20251217_155714672.MP.jpg"",""type"":""image"",""settings"":{""width"":4080,""height"":3072,""focalPoint"":[0.5,0.5]}},{""description"":"""",""fileName"":""PXL_20251217_155730176.MP.jpg"",""slug"":""8a12d8_cd1983ee330847709d0d43f13e654c80~mv2.jpg"",""alt"":"""",""src"":""wix:image://v1/8a12d8_cd1983ee330847709d0d43f13e654c80~mv2.jpg/PXL_20251217_155730176.MP.jpg#originWidth=4080&originHeight=3072"",""title"":""PXL_20251217_155730176.MP.jpg"",""type"":""image"",""settings"":{""width"":4080,""height"":3072,""focalPoint"":[0.5,0.5]}},{""description"":"""",""fileName"":""PXL_20251217_155745456.MP.jpg"",""slug"":""8a12d8_6ff253cca2ac45bdbb4488fdb90e37ae~mv2.jpg"",""alt"":"""",""src"":""wix:image://v1/8a12d8_6ff253cca2ac45bdbb4488fdb90e37ae~mv2.jpg/PXL_20251217_155745456.MP.jpg#originWidth=4080&originHeight=3072"",""title"":""PXL_20251217_155745456.MP.jpg"",""type"":""image"",""settings"":{""width"":4080,""height"":3072,""focalPoint"":[0.5,0.5]}},{""description"":"""",""fileName"":""PXL_20251217_155749338.MP.jpg"",""slug"":""8a12d8_b8f326d120dc4e2d8a893892892300a4~mv2.jpg"",""alt"":"""",""src"":""wix:image://v1/8a12d8_b8f326d120dc4e2d8a893892892300a4~mv2.jpg/PXL_20251217_155749338.MP.jpg#originWidth=4080&originHeight=3072"",""title"":""PXL_20251217_155749338.MP.jpg"",""type"":""image"",""settings"":{""width"":4080,""height"":3072,""focalPoint"":[0.5,0.5]}},{""description"":"""",""fileName"":""PXL_20251217_155754528.MP.jpg"",""slug"":""8a12d8_5494c238a9274f3cb938b89a270269a6~mv2.jpg"",""alt"":"""",""src"":""wix:image://v1/8a12d8_5494c238a9274f3cb938b89a270269a6~mv2.jpg/PXL_20251217_155754528.MP.jpg#originWidth=4080&originHeight=3072"",""title"":""PXL_20251217_155754528.MP.jpg"",""type"":""image"",""settings"":{""width"":4080,""height"":3072,""focalPoint"":[0.5,0.5]}},{""description"":"""",""fileName"":""PXL_20251217_155814769.MP.jpg"",""slug"":""8a12d8_6581e4fcffdb42919b2e9ca2692cd86b~mv2.jpg"",""alt"":"""",""src"":""wix:image://v1/8a12d8_6581e4fcffdb42919b2e9ca2692cd86b~mv2.jpg/PXL_20251217_155814769.MP.jpg#originWidth=4080&originHeight=3072"",""title"":""PXL_20251217_155814769.MP.jpg"",""type"":""image"",""settings"":{""width"":4080,""height"":3072,""focalPoint"":[0.5,0.5]}},{""description"":"""",""fileName"":""PXL_20251217_155807055.MP.jpg"",""slug"":""8a12d8_ab1cf782f6494442949fd105c4992c89~mv2.jpg"",""alt"":"""",""src"":""wix:image://v1/8a12d8_ab1cf782f6494442949fd105c4992c89~mv2.jpg/PXL_20251217_155807055.MP.jpg#originWidth=4080&originHeight=3072"",""title"":""PXL_20251217_155807055.MP.jpg"",""type"":""image"",""settings"":{""width"":4080,""height"":3072,""focalPoint"":[0.5,0.5]}},{""description"":"""",""fileName"":""PXL_20251217_155800095.MP.jpg"",""slug"":""8a12d8_0482c56dce3a450a81a20f616944ff83~mv2.jpg"",""alt"":"""",""src"":""wix:image://v1/8a12d8_0482c56dce3a450a81a20f616944ff83~mv2.jpg/PXL_20251217_155800095.MP.jpg#originWidth=4080&originHeight=3072"",""title"":""PXL_20251217_155800095.MP.jpg"",""type"":""image"",""settings"":{""width"":4080,""height"":3072,""focalPoint"":[0.5,0.5]}}]","/bikes/luna-z1-ludicrous","#000000","#FF0000","a9664ff9-c6e5-495c-842d-010d2248b5d8",2025-12-17T05:54:21Z,2026-02-23T21:10:17Z,"8a12d8dd-2c4e-49da-b2ed-8ca36bafcd02"
true,true,48,,"Specialized FatBoy","Sold",,,,,"wix:image://v1/8a12d8_74b2309ef1064cf1bb62ba37d1818a15~mv2.jpg/IMG_20210615_210329.jpg#originWidth=2560&originHeight=1152",,"/bikes/specialized-fatboy",,,"ab842ee7-8dca-4f8a-9cf3-5637680c60c5",2025-12-17T17:54:20Z,2025-12-23T16:15:20Z,"8a12d8dd-2c4e-49da-b2ed-8ca36bafcd02"
true,true,35,,"Specialized Riprock 16","Sold",,,,,"wix:image://v1/8a12d8_1cdfc0b78f83427cbb43342a2d5ba60c~mv2.jpg/PXL_20240714_190317892.MP.jpg#originWidth=2332&originHeight=1478",,"/bikes/specialized-riprock-16",,,"cbf7b8d0-038f-43cb-b4b2-465d82d2d48f",2025-12-17T17:52:46Z,2025-12-23T16:15:12Z,"8a12d8dd-2c4e-49da-b2ed-8ca36bafcd02"
true,true,1,,"Santa Cruz Nomad","This is a fully custom Santa Cruz Nomad built with no compromises and upgraded with the highest-end components available @ only 30 lbs! Anyone who knows me will be surprised to see it listed, as this bike has been a personal favorite and something I never planned to sell, but an unexpected new build forced the decision. Every component has been thoughtfully selected, upgraded, and meticulously maintained. The bike has just been fully detailed and serviced from headset to drivetrain and is completely dialed and ready to ride. It rides exactly as you would expect from a top-tier Nomad, stable, fast, incredibly capable, and refined in every detail.","<ul class=""font_8"">
  <li><p class=""font_8""><strong>Size:</strong> Medium</p></li>
  <li><p class=""font_8""><strong>Frame:</strong> Santa Cruz Nomad Carbon CC, 2019</p></li>
  <li><p class=""font_8""><strong>Fork:</strong> RockShox ZEB Ultimate, 170mm, 2024</p></li>
  <li><p class=""font_8""><strong>Rear Shock:</strong> RockShox Super Deluxe Air RCT, 170mm, serviced 2023</p></li>
  <li><p class=""font_8""><strong>Wheelset:</strong> Santa Cruz Reserve Carbon Wheels 27.5"", re-laced 2024</p></li>
  <li><p class=""font_8""><strong>Rear Hub:</strong> Industry Nine Hydra, 2024</p></li>
  <li><p class=""font_8""><strong>Drivetrain:</strong> SRAM XX1 Eagle Wireless AXS, 2022</p></li>
  <li><p class=""font_8""><strong>Cassette:</strong> SRAM XX1 Eagle (Rainbow), 2025</p></li>
  <li><p class=""font_8""><strong>Chainring:</strong> AbsoluteBlack Oval 28T, 2022</p></li>
  <li><p class=""font_8""><strong>Bottom Bracket:</strong> SRAM, new 2025</p></li>
  <li><p class=""font_8""><strong>Chain:</strong> KMC DLC 12 Green/Black, new 2025</p></li>
  <li><p class=""font_8""><strong>Pulley System:</strong> Garbaruk Custom Oversized Pulleys, 2022</p></li>
  <li><p class=""font_8""><strong>Dropper Post:</strong> Fox Transfer, new 2025</p></li>
  <li><p class=""font_8""><strong>Headset:</strong> Chris King, 2022</p></li>
  <li><p class=""font_8""><strong>Stem:</strong> Deity, 2022</p></li>
  <li><p class=""font_8""><strong>Handlebars:</strong> Carbon Bars</p></li>
  <li><p class=""font_8""><strong>Grips:</strong> ODI Lock-On, 2023</p></li>
  <li><p class=""font_8""><strong>Brakes:</strong> Hope Tech 4 V4 Hydraulic Disc Brakes, 2024</p></li>
  <li><p class=""font_8""><strong>Rotors:</strong> 220mm Giant, front and rear, 2023</p></li>
  <li><p class=""font_8""><strong>Tires:</strong> Maxxis DHF (front) and DHR II (rear), new 2025</p></li>
  <li><p class=""font_8""><strong>Setup:</strong> Tubeless, serviced 2025</p></li>
  <li><p class=""font_8""><strong>Finish:</strong> Custom Decals</p></li>
</ul>","$11,200","$4,000","Various","wix:image://v1/8a12d8_a550b8cd033b4ed3b20096903ecdbd12~mv2.jpg/PXL_20251031_182941285.MP~2.jpg#originWidth=4012&originHeight=2542","[{""description"":"""",""fileName"":""PXL_20251031_182941285.MP~2.jpg"",""slug"":""8a12d8_a550b8cd033b4ed3b20096903ecdbd12~mv2.jpg"",""alt"":"""",""src"":""wix:image://v1/8a12d8_a550b8cd033b4ed3b20096903ecdbd12~mv2.jpg/PXL_20251031_182941285.MP~2.jpg#originWidth=4012&originHeight=2542"",""title"":""PXL_20251031_182941285.MP~2.jpg"",""type"":""image"",""settings"":{""width"":4012,""height"":2542,""focalPoint"":[0.5,0.5]}},{""description"":"""",""fileName"":""PXL_20251031_183000745.MP~2.jpg"",""slug"":""8a12d8_fcecf1fac91541449cb303365cf9ea73~mv2.jpg"",""alt"":"""",""src"":""wix:image://v1/8a12d8_fcecf1fac91541449cb303365cf9ea73~mv2.jpg/PXL_20251031_183000745.MP~2.jpg#originWidth=3654&originHeight=2508"",""title"":""PXL_20251031_183000745.MP~2.jpg"",""type"":""image"",""settings"":{""width"":3654,""height"":2508,""focalPoint"":[0.5,0.5]}},{""description"":"""",""fileName"":""PXL_20251031_183005879.MP~2.jpg"",""slug"":""8a12d8_2a13ed91b19449d89585e56213390cd6~mv2.jpg"",""alt"":"""",""src"":""wix:image://v1/8a12d8_2a13ed91b19449d89585e56213390cd6~mv2.jpg/PXL_20251031_183005879.MP~2.jpg#originWidth=4080&originHeight=3072"",""title"":""PXL_20251031_183005879.MP~2.jpg"",""type"":""image"",""settings"":{""width"":4080,""height"":3072,""focalPoint"":[0.5,0.5]}},{""description"":"""",""fileName"":""PXL_20251031_183103597.MP~2.jpg"",""slug"":""8a12d8_ad9483941d414c9e8752858b3015e2e4~mv2.jpg"",""alt"":"""",""src"":""wix:image://v1/8a12d8_ad9483941d414c9e8752858b3015e2e4~mv2.jpg/PXL_20251031_183103597.MP~2.jpg#originWidth=4080&originHeight=3072"",""title"":""PXL_20251031_183103597.MP~2.jpg"",""type"":""image"",""settings"":{""width"":4080,""height"":3072,""focalPoint"":[0.5,0.5]}},{""description"":"""",""fileName"":""PXL_20251031_183048297.MP~2.jpg"",""slug"":""8a12d8_cbe19f63d7d848119ec0b6eb6a75c35c~mv2.jpg"",""alt"":"""",""src"":""wix:image://v1/8a12d8_cbe19f63d7d848119ec0b6eb6a75c35c~mv2.jpg/PXL_20251031_183048297.MP~2.jpg#originWidth=4080&originHeight=3072"",""title"":""PXL_20251031_183048297.MP~2.jpg"",""type"":""image"",""settings"":{""width"":4080,""height"":3072,""focalPoint"":[0.5,0.5]}},{""description"":"""",""fileName"":""PXL_20251031_183028742.MP~2.jpg"",""slug"":""8a12d8_f88627e864d34077a9a541339a12c97f~mv2.jpg"",""alt"":"""",""src"":""wix:image://v1/8a12d8_f88627e864d34077a9a541339a12c97f~mv2.jpg/PXL_20251031_183028742.MP~2.jpg#originWidth=4080&originHeight=3072"",""title"":""PXL_20251031_183028742.MP~2.jpg"",""type"":""image"",""settings"":{""width"":4080,""height"":3072,""focalPoint"":[0.5,0.5]}},{""description"":"""",""fileName"":""PXL_20251031_183039521.MP~2.jpg"",""slug"":""8a12d8_abfe80e838f1400198990079190eab72~mv2.jpg"",""alt"":"""",""src"":""wix:image://v1/8a12d8_abfe80e838f1400198990079190eab72~mv2.jpg/PXL_20251031_183039521.MP~2.jpg#originWidth=4080&originHeight=3072"",""title"":""PXL_20251031_183039521.MP~2.jpg"",""type"":""image"",""settings"":{""width"":4080,""height"":3072,""focalPoint"":[0.5,0.5]}},{""description"":"""",""fileName"":""PXL_20251031_182951043.MP~2.jpg"",""slug"":""8a12d8_58a334270df84417a075dacd6accf8c2~mv2.jpg"",""alt"":"""",""src"":""wix:image://v1/8a12d8_58a334270df84417a075dacd6accf8c2~mv2.jpg/PXL_20251031_182951043.MP~2.jpg#originWidth=4080&originHeight=3072"",""title"":""PXL_20251031_182951043.MP~2.jpg"",""type"":""image"",""settings"":{""width"":4080,""height"":3072,""focalPoint"":[0.5,0.5]}},{""description"":"""",""fileName"":""PXL_20251031_162305334.MP~2.jpg"",""slug"":""8a12d8_7866f8deff4a4dcf9f53961e4b3fba3a~mv2.jpg"",""alt"":"""",""src"":""wix:image://v1/8a12d8_7866f8deff4a4dcf9f53961e4b3fba3a~mv2.jpg/PXL_20251031_162305334.MP~2.jpg#originWidth=4080&originHeight=3072"",""title"":""PXL_20251031_162305334.MP~2.jpg"",""type"":""image"",""settings"":{""width"":4080,""height"":3072,""focalPoint"":[0.5,0.5]}},{""description"":"""",""fileName"":""PXL_20251031_162220460.MP.jpg"",""slug"":""8a12d8_f1015e52f2d84e5f8f9846a35454f01b~mv2.jpg"",""alt"":"""",""src"":""wix:image://v1/8a12d8_f1015e52f2d84e5f8f9846a35454f01b~mv2.jpg/PXL_20251031_162220460.MP.jpg#originWidth=4080&originHeight=3072"",""title"":""PXL_20251031_162220460.MP.jpg"",""type"":""image"",""settings"":{""width"":4080,""height"":3072,""focalPoint"":[0.5,0.5]}},{""description"":"""",""fileName"":""PXL_20251031_162249140.MP~2.jpg"",""slug"":""8a12d8_322465cc1ba246278da12b95b3fe947c~mv2.jpg"",""alt"":"""",""src"":""wix:image://v1/8a12d8_322465cc1ba246278da12b95b3fe947c~mv2.jpg/PXL_20251031_162249140.MP~2.jpg#originWidth=4080&originHeight=3072"",""title"":""PXL_20251031_162249140.MP~2.jpg"",""type"":""image"",""settings"":{""width"":4080,""height"":3072,""focalPoint"":[0.5,0.5]}},{""description"":"""",""fileName"":""PXL_20251031_162254479.MP~2.jpg"",""slug"":""8a12d8_bdca843dc6e2414b8accec0a1519e382~mv2.jpg"",""alt"":"""",""src"":""wix:image://v1/8a12d8_bdca843dc6e2414b8accec0a1519e382~mv2.jpg/PXL_20251031_162254479.MP~2.jpg#originWidth=3000&originHeight=2259"",""title"":""PXL_20251031_162254479.MP~2.jpg"",""type"":""image"",""settings"":{""width"":3000,""height"":2259,""focalPoint"":[0.5,0.5]}},{""description"":"""",""fileName"":""PXL_20251031_162237949.MP~2.jpg"",""slug"":""8a12d8_800df77e15274607b5d9027feeaaacbc~mv2.jpg"",""alt"":"""",""src"":""wix:image://v1/8a12d8_800df77e15274607b5d9027feeaaacbc~mv2.jpg/PXL_20251031_162237949.MP~2.jpg#originWidth=2904&originHeight=2186"",""title"":""PXL_20251031_162237949.MP~2.jpg"",""type"":""image"",""settings"":{""width"":2904,""height"":2186,""focalPoint"":[0.5,0.5]}},{""description"":"""",""fileName"":""PXL_20251103_211604197.MP.jpg"",""slug"":""8a12d8_e460c5d97380473d91f3553b94778ac9~mv2.jpg"",""alt"":"""",""src"":""wix:image://v1/8a12d8_e460c5d97380473d91f3553b94778ac9~mv2.jpg/PXL_20251103_211604197.MP.jpg#originWidth=1113&originHeight=1478"",""title"":""PXL_20251103_211604197.MP.jpg"",""type"":""image"",""settings"":{""width"":1113,""height"":1478,""focalPoint"":[0.5,0.5]}}]","/bikes/santa-cruz-nomad","#9316E1","#23E71D","e589b2df-523b-4068-9937-10f6b247faa9",2025-12-17T05:55:22Z,2026-02-19T22:12:47Z,"8a12d8dd-2c4e-49da-b2ed-8ca36bafcd02"
true,,5,,"Specialized Turbo Kenevo SL - Expert / S-Works","This 2023 Specialized Kenevo SL Expert sits in a sweet spot between the stock Expert and an S-Works build, combining the ride quality of the Kenevo SL platform with meaningful, high-end upgrades. The SRAM GX AXS wireless drivetrain delivers crisp, reliable shifting, while the carbon Roval wheelset drops weight and sharpens handling on both climbs and descents. The result is a lighter, more responsive Kenevo SL that retains the durability and capability the bike is known for, without the S-Works price tag. The bike has been well maintained, fully serviced, and is dialed and ready to ride.","<ul class=""font_8"">
  <li><p class=""font_8""><strong>Size:</strong> Medium (S3)</p></li>
  <li><p class=""font_8""><strong>Frame:</strong> FACT 11m Carbon Frame, 29"", 170mm rear travel</p></li>
  <li><p class=""font_8""><strong>Motor:</strong> Specialized SL 1.1 Lightweight Motor</p></li>
  <li><p class=""font_8""><strong>Battery:</strong> Specialized SL1-320, 320Wh, integrated</p></li>
  <li><p class=""font_8""><strong>Display / Remote:</strong> Specialized MasterMind TCU</p></li>
  <li><p class=""font_8""><strong>Fork:</strong> FOX Float 38 Performance Elite, GRIP2, 170mm</p></li>
  <li><p class=""font_8""><strong>Rear Shock:</strong> FOX Float X2 Performance, 170mm</p></li>
  <li><p class=""font_8""><strong>Drivetrain:</strong> SRAM GX AXS Eagle Wireless, 12-speed</p></li>
  <li><p class=""font_8""><strong>Cassette:</strong> SRAM Eagle 10–52T</p></li>
  <li><p class=""font_8""><strong>Crankset:</strong> Praxis Forged</p></li>
  <li><p class=""font_8""><strong>Chainring:</strong> SRAM X-Sync Eagle 32T</p></li>
  <li><p class=""font_8""><strong>Brakes:</strong> SRAM Code RS, 4-piston hydraulic disc</p></li>
  <li><p class=""font_8""><strong>Rotors:</strong> 220mm front, 200mm rear</p></li>
  <li><p class=""font_8""><strong>Wheelset:</strong> Roval Carbon Wheels 29""</p></li>
  <li><p class=""font_8""><strong>Tires:</strong> Specialized Butcher, 29 x 2.3""</p></li>
  <li><p class=""font_8""><strong>Seatpost:</strong> X-Fusion Manic Dropper Post</p></li>
  <li><p class=""font_8""><strong>Handlebars:</strong> Specialized Trail Alloy</p></li>
  <li><p class=""font_8""><strong>Stem:</strong> Alloy Trail Stem</p></li>
  <li><p class=""font_8""><strong>Grips:</strong> Deity Knuckleduster</p></li>
  <li><p class=""font_8""><strong>Cable Routing:</strong> Internal</p></li>
  <li><p class=""font_8""><strong>Extras:</strong> SWAT CC integrated tool system</p></li>
  <li><p class=""font_8""><strong>Condition:</strong> Excellent</p></li>
</ul>","$13,500","$5,000","2023","wix:image://v1/8a12d8_22a28fbd069343c2a49f93785939334b~mv2.jpg/PXL_20220909_010916769~2.jpg#originWidth=2396&originHeight=1478",,"/bikes/specialized-turbo-kenevo-sl-expert-%2F-s-works","#FFE945","#000000","f31464fd-5d2c-4991-b20f-a574a07cac4c",2025-12-17T05:53:42Z,2025-12-17T23:05:48Z,"8a12d8dd-2c4e-49da-b2ed-8ca36bafcd02"
true,true,26,,"Specialized Levo Expert","Sold",,,,,"wix:image://v1/8a12d8_25757c47c18243bfa8eba994d42b5bb8~mv2.jpg/PXL_20220814_205840076~2.jpg#originWidth=2312&originHeight=1478",,"/bikes/specialized-levo-expert",,,"f3e4ecc7-9686-4da2-97ae-07a94582b05e",2025-12-17T17:52:44Z,2025-12-23T16:15:12Z,"8a12d8dd-2c4e-49da-b2ed-8ca36bafcd02"
